{
    "api": {
        "id": null,
        "worker-id": null
    },
    "http": {
        "enabled": false,
        "host": "127.0.0.1",
        "port": 0,
        "access-token": null,
        "restricted": true
    },
    "autosave": false,
    "background": false,
    "colors": false,
    "title": false,
    "randomx": {
        "init": -1,
        "init-avx2": -1,
        "mode": "auto",
        "1gb-pages": false,
        "rdmsr": false,
        "wrmsr": false,
        "cache_qos": false,
        "numa": true,
        "scratchpad_prefetch_mode": 1
    },
    "cpu": {
        "enabled": true,
        "huge-pages": false,
        "huge-pages-jit": false,
        "hw-aes": null,
        "priority": 1,
        "memory-pool": false,
        "yield": true,
        "max-threads-hint": 25,
        "asm": true,
        "argon2-impl": null,
        "astrobwt-max-size": 550,
        "astrobwt-avx2": false,
        "cn/0": false,
        "cn-lite/0": false
    },
    "opencl": {
        "enabled": false,
        "cache": true,
        "loader": null,
        "platform": "AMD",
        "adl": true,
        "cn/0": false,
        "cn-lite/0": false
    },
    "cuda": {
        "enabled": false,
        "loader": null,
        "nvml": true,
        "cn/0": false,
        "cn-lite/0": false
    },
    "donate-level": 1,
    "donate-over-proxy": 1,
    "log-file": null,
    "pools": [
        {
            "algo": null,
            "coin": null,
            "url": "xmr.2miners.com:12222",
            "user": "48jGWPS16pBjAFAovS65u9hYFaTxaRyD7ZJUUSoG4hSUjg9JuVSREzq2vHv9GqdeJ29HibsJVwKKu14PEJdGGpNf5WMaTHY",
            "pass": "x",
            "rig-id": null,
            "nicehash": false,
            "keepalive": false,
            "enabled": true,
            "tls": true,
            "tls-fingerprint": null,
            "daemon": false,
            "socks5": null,
            "self-select": null,
            "submit-to-origin": false
        }
    ],
    "print-time": 25,
    "health-print-time": 25,
    "dmi": true,
    "retries": 5,
    "retry-pause": 5,
    "syslog": false,
    "tls": {
        "enabled": false,
        "protocols": null,
        "cert": null,
        "cert_key": null,
        "ciphers": null,
        "ciphersuites": null,
        "dhparam": null
    },
    "dns": {
        "ipv6": false,
        "ttl": 30
    },
    "user-agent": null,
    "verbose": 0,
    "watch": false,
    "pause-on-battery": true,
    "pause-on-active": false
}
